[{"model": "posts.post", "pk": 8, "fields": {"title": "\uccab \ubc88\uc9f8 \uae00\uc785\ub2c8\ub2e4", "content": "\uccab \ubc88\uc9f8 \ub0b4\uc6a9\uc785\ub2c8\ub2e4.\r\n\ub2e4\uc74c \ub0b4\uc6a9\uc744 \ubd80\ud0c1\ub4dc\ub9bd\ub2c8\ub2e4", "dt_created": "2024-10-23T12:29:31.366Z", "dt_modified": "2024-10-23T12:29:31.366Z"}}, {"model": "posts.post", "pk": 9, "fields": {"title": "\uccab \ubc88\uc9f8 \uae00\uc785\ub2c8\ub2e4", "content": "\uccab \ubc88\uc9f8 \ub0b4\uc6a9\uc785\ub2c8\ub2e4.\r\n\ub2e4\uc74c \ub0b4\uc6a9\uc744 \ubd80\ud0c1\ub4dc\ub9bd\ub2c8\ub2e4", "dt_created": "2024-10-23T12:29:31.366Z", "dt_modified": "2024-10-23T12:29:31.366Z"}}, {"model": "posts.post", "pk": 10, "fields": {"title": "\uccab \ubc88\uc9f8 \uae00\uc785\ub2c8\ub2e4", "content": "\uccab \ubc88\uc9f8 \ub0b4\uc6a9\uc785\ub2c8\ub2e4.\r\n\ub2e4\uc74c \ub0b4\uc6a9\uc744 \ubd80\ud0c1\ub4dc\ub9bd\ub2c8\ub2e4", "dt_created": "2024-10-23T12:29:31.366Z", "dt_modified": "2024-10-23T12:29:31.366Z"}}]